{"model":{"type":"range_dispatch","property":"custom_model_data","index":0,"fallback":{"type":"minecraft:model","model":"minecraft:item/paper"},"entries":[{"threshold":10000,"model":{"type":"model","model":"_iainternal:item/ia_auto/icon_left_blue"}},{"threshold":10001,"model":{"type":"model","model":"_iainternal:item/ia_auto/icon_right_blue"}},{"threshold":10002,"model":{"type":"model","model":"_iainternal:item/ia_auto/icon_search"}},{"threshold":10003,"model":{"type":"model","model":"_iainternal:item/ia_auto/icon_cancel"}},{"threshold":10004,"model":{"type":"model","model":"_iainternal:item/ia_auto/icon_arrow_chest"}},{"threshold":10005,"model":{"type":"model","model":"_iainternal:item/ia_auto/icon_back_orange"}},{"threshold":10006,"model":{"type":"model","model":"_iainternal:item/ia_auto/icon_next_orange"}},{"threshold":10007,"model":{"type":"model","model":"profile:gui_item/online"}},{"threshold":10008,"model":{"type":"model","model":"profile:gui_item/offline"}},{"threshold":10009,"model":{"type":"model","model":"profile:gui_item/air"}},{"threshold":10011,"model":{"type":"model","model":"shadowvale_items:quest_board"}},{"threshold":10012,"model":{"type":"model","model":"shadowvale_ui:item/ia_auto/inv_paper"}},{"threshold":10014,"model":{"type":"model","model":"shadowvale_items:item/ia_auto/dungeon_token"}},{"threshold":10017,"model":{"type":"model","model":"shadowvale_items:item/ia_auto/music_disc_5"}},{"threshold":10018,"model":{"type":"model","model":"item/paper"}}]},"oversized_in_gui":true}