{"credit":"Made with Blockbench","ambientocclusion":false,"textures":{"0":"shadowvale_items:quest/quest_board","particle":"shadowvale_items:quest/quest_board"},"elements":[{"from":[11,2,9],"to":[13,10,10],"faces":{"north":{"uv":[6.5,0,8.5,8],"texture":"#0"},"east":{"uv":[7,0,8,8],"texture":"#0"},"south":{"uv":[6.5,0,8.5,8],"texture":"#0"},"west":{"uv":[7,0,8,8],"texture":"#0"},"up":{"uv":[0,0,2,1],"texture":"#0"},"down":{"uv":[0,0,2,1],"texture":"#0"}}},{"from":[-1,0,9],"to":[1,10,10],"faces":{"north":{"uv":[6.5,0,8.5,8.125],"texture":"#0"},"east":{"uv":[7,0,8,10],"texture":"#0"},"south":{"uv":[6.5,0,8.5,8.125],"texture":"#0"},"west":{"uv":[7,0,8,10],"texture":"#0"},"up":{"uv":[0,0,2,1],"texture":"#0"},"down":{"uv":[6.5,0,8.5,1],"texture":"#0"}}},{"from":[-5,10,9],"to":[17,30,10],"rotation":{"angle":0,"axis":"y","origin":[0,4,0]},"faces":{"north":{"uv":[0,6.75,5.625,11.375],"texture":"#0"},"east":{"uv":[0,0,0.625,6.5],"texture":"#0"},"south":{"uv":[0.625,7.625,5,11],"texture":"#0"},"west":{"uv":[0,0,0.625,6.375],"texture":"#0"},"up":{"uv":[0,0,16,1],"texture":"#0"},"down":{"uv":[0,0,6.25,1],"texture":"#0"}}},{"from":[16,10,8],"to":[17,30,9],"rotation":{"angle":0,"axis":"y","origin":[0,4,0]},"faces":{"north":{"uv":[0,0,0.625,6.375],"texture":"#0"},"east":{"uv":[0,0,0.625,6.125],"texture":"#0"},"south":{"uv":[0,0,1,16],"texture":"#0"},"west":{"uv":[0,0,0.625,6.25],"texture":"#0"},"up":{"uv":[0,0,1,1],"texture":"#0"},"down":{"uv":[0,0,1,1],"texture":"#0"}}},{"from":[-5,10,8],"to":[-4,30,9],"rotation":{"angle":0,"axis":"y","origin":[0,4,0]},"faces":{"north":{"uv":[0,0,0.625,6.375],"texture":"#0"},"east":{"uv":[0,0,0.625,6.375],"texture":"#0"},"south":{"uv":[0,0,1,16],"texture":"#0"},"west":{"uv":[0,0,0.625,6.375],"texture":"#0"},"up":{"uv":[0,0,1,1],"texture":"#0"},"down":{"uv":[0,0,1,1],"texture":"#0"}}},{"from":[-4,10,8],"to":[16,11,9],"rotation":{"angle":0,"axis":"y","origin":[0,4,0]},"faces":{"north":{"uv":[0,6,6.5,6.625],"texture":"#0"},"east":{"uv":[0,0,1,1],"texture":"#0"},"south":{"uv":[0,0,16,1],"texture":"#0"},"west":{"uv":[0,0,1,1],"texture":"#0"},"up":{"uv":[0,0,6.375,0.75],"texture":"#0"},"down":{"uv":[0,0,6.375,0.75],"texture":"#0"}}},{"from":[15,11,8],"to":[16,12,9],"rotation":{"angle":0,"axis":"y","origin":[0,4,0]},"faces":{"north":{"uv":[0,5.625,1,6.625],"texture":"#0"},"east":{"uv":[0,0,1,1],"texture":"#0"},"south":{"uv":[0,0,1,1],"texture":"#0"},"west":{"uv":[0,0,1,1],"texture":"#0"},"up":{"uv":[0,0,1,1],"texture":"#0"},"down":{"uv":[0,0,1,1],"texture":"#0"}}},{"from":[-4,11,8],"to":[-3,12,9],"rotation":{"angle":0,"axis":"y","origin":[0,4,0]},"faces":{"north":{"uv":[5.375,5.5,6.375,6.5],"texture":"#0"},"east":{"uv":[0,0,1,1],"texture":"#0"},"south":{"uv":[0,0,1,1],"texture":"#0"},"west":{"uv":[0,0,1,1],"texture":"#0"},"up":{"uv":[0,0,1,1],"texture":"#0"},"down":{"uv":[0,0,1,1],"texture":"#0"}}},{"from":[-4,25,8],"to":[16,30,9],"rotation":{"angle":0,"axis":"y","origin":[0,4,0]},"faces":{"north":{"uv":[0,0,6.125,1],"texture":"#0"},"east":{"uv":[0,0,1,5],"texture":"#0"},"south":{"uv":[0,0,16,5],"texture":"#0"},"west":{"uv":[0,0,1,5],"texture":"#0"},"up":{"uv":[0,0,16,1],"texture":"#0"},"down":{"uv":[0,0,6.125,1],"texture":"#0"}}},{"from":[1,22,8],"to":[11,25,9],"rotation":{"angle":0,"axis":"y","origin":[0,4,0]},"faces":{"north":{"uv":[1.25,1,5.125,2.375],"texture":"#0"},"east":{"uv":[0,0,0.5,3],"texture":"#0"},"south":{"uv":[0,0,10,3],"texture":"#0"},"west":{"uv":[0,0,0.5,3],"texture":"#0"},"up":{"uv":[0,0,10,1],"texture":"#0"},"down":{"uv":[0,0,5.75,1],"texture":"#0"}}},{"from":[17,25.0755,-3.6069],"to":[18,31.0755,-2.6069],"rotation":{"angle":22.5,"axis":"x","origin":[0,3.8755,-0.0069]},"faces":{"north":{"uv":[8.5,0,9.5,3.375],"texture":"#0"},"east":{"uv":[8.5,0,9.5,3.375],"texture":"#0"},"south":{"uv":[8.5,0,9.5,3.375],"texture":"#0"},"west":{"uv":[8.5,0,9.5,3.375],"texture":"#0"},"up":{"uv":[0,0,1,1],"texture":"#0"},"down":{"uv":[8.5,0,9.5,1],"texture":"#0"}}},{"from":[-6,25.0755,-3.6069],"to":[-5,31.0755,-2.6069],"rotation":{"angle":22.5,"axis":"x","origin":[0,3.8755,-0.0069]},"faces":{"north":{"uv":[8.5,0,9.5,4.25],"texture":"#0"},"east":{"uv":[8.5,0,9.5,6],"texture":"#0"},"south":{"uv":[8.5,0,9.5,6],"texture":"#0"},"west":{"uv":[8.5,0,9.5,4.25],"texture":"#0"},"up":{"uv":[8.5,0,9.5,1],"texture":"#0"},"down":{"uv":[8.5,0,9.5,1],"texture":"#0"}}},{"from":[15,25.0755,-3.6069],"to":[17,31.0755,-2.6069],"rotation":{"angle":22.5,"axis":"x","origin":[0,3.8755,-0.0069]},"faces":{"north":{"uv":[9.5,0,11.25,4.25],"texture":"#0"},"east":{"uv":[8.5,0,9.5,6],"texture":"#0"},"south":{"uv":[8.5,0,10.5,4.25],"texture":"#0"},"west":{"uv":[8.5,0,9.5,6],"texture":"#0"},"up":{"uv":[8.5,0,10.5,1],"texture":"#0"},"down":{"uv":[8.5,0,10.5,1],"texture":"#0"}}},{"from":[7,25.0755,-3.6069],"to":[9,31.0755,-2.6069],"rotation":{"angle":22.5,"axis":"x","origin":[0,3.8755,-0.0069]},"faces":{"north":{"uv":[8.5,0,10.375,4.25],"texture":"#0"},"east":{"uv":[8.5,0,9.5,6],"texture":"#0"},"south":{"uv":[8.5,0,10.375,4.25],"texture":"#0"},"west":{"uv":[8.5,0,9.5,6],"texture":"#0"},"up":{"uv":[8.5,0,10.5,1],"texture":"#0"},"down":{"uv":[8.5,0,10.375,1],"texture":"#0"}}},{"from":[-1,25.0755,-3.6069],"to":[1,31.0755,-2.6069],"rotation":{"angle":22.5,"axis":"x","origin":[0,3.8755,-0.0069]},"faces":{"north":{"uv":[8.5,0,10.375,4.25],"texture":"#0"},"east":{"uv":[8.5,0,9.5,6],"texture":"#0"},"south":{"uv":[8.5,0,10.375,4.25],"texture":"#0"},"west":{"uv":[8.5,0,9.5,6],"texture":"#0"},"up":{"uv":[8.5,0,10.5,1],"texture":"#0"},"down":{"uv":[8.5,0,10.375,1],"texture":"#0"}}},{"from":[11,26.0755,-3.6069],"to":[13,31.0755,-2.6069],"rotation":{"angle":22.5,"axis":"x","origin":[0,3.8755,-0.0069]},"faces":{"north":{"uv":[8.5,0,10.375,4.25],"texture":"#0"},"east":{"uv":[8.5,0,9.5,5],"texture":"#0"},"south":{"uv":[8.5,0,10.375,4.25],"texture":"#0"},"west":{"uv":[8.5,0,9.5,5],"texture":"#0"},"up":{"uv":[8.5,0,10.5,1],"texture":"#0"},"down":{"uv":[8.5,0,10.5,1],"texture":"#0"}}},{"from":[9,26.0755,-3.6069],"to":[11,31.0755,-2.6069],"rotation":{"angle":22.5,"axis":"x","origin":[0,3.8755,-0.0069]},"faces":{"north":{"uv":[8.5,0,10.375,4.25],"texture":"#0"},"east":{"uv":[8.5,0,9.5,5],"texture":"#0"},"south":{"uv":[8.5,0,10.375,4.25],"texture":"#0"},"west":{"uv":[8.5,0,9.5,5],"texture":"#0"},"up":{"uv":[8.5,0,10.5,1],"texture":"#0"},"down":{"uv":[8.5,0,10.375,1],"texture":"#0"}}},{"from":[-3,26.0755,-3.6069],"to":[-1,31.0755,-2.6069],"rotation":{"angle":22.5,"axis":"x","origin":[0,3.8755,-0.0069]},"faces":{"north":{"uv":[8.5,0,10.375,4.25],"texture":"#0"},"east":{"uv":[8.5,0,9.5,5],"texture":"#0"},"south":{"uv":[8.5,0,10.375,4.25],"texture":"#0"},"west":{"uv":[8.5,0,9.5,5],"texture":"#0"},"up":{"uv":[8.5,0,10.5,1],"texture":"#0"},"down":{"uv":[8.5,0,10.375,1],"texture":"#0"}}},{"from":[5,26.0755,-3.6069],"to":[7,31.0755,-2.6069],"rotation":{"angle":22.5,"axis":"x","origin":[0,3.8755,-0.0069]},"faces":{"north":{"uv":[8.5,0,10.375,4.25],"texture":"#0"},"east":{"uv":[8.5,0,9.5,5],"texture":"#0"},"south":{"uv":[8.5,0,10.375,4.25],"texture":"#0"},"west":{"uv":[8.5,0,9.5,5],"texture":"#0"},"up":{"uv":[8.5,0,10.5,1],"texture":"#0"},"down":{"uv":[8.5,0,10.375,1],"texture":"#0"}}},{"from":[3,25.5755,-3.6069],"to":[5,31.0755,-2.6069],"rotation":{"angle":22.5,"axis":"x","origin":[0,3.8755,-0.0069]},"faces":{"north":{"uv":[8.5,0,10.375,4.125],"texture":"#0"},"east":{"uv":[8.5,0,9.5,5.5],"texture":"#0"},"south":{"uv":[8.5,0,10.375,4.125],"texture":"#0"},"west":{"uv":[8.5,0,9.5,5.5],"texture":"#0"},"up":{"uv":[8.5,0,10.5,1],"texture":"#0"},"down":{"uv":[8.5,0,10.375,1],"texture":"#0"}}},{"from":[13,25.5755,-3.6069],"to":[15,31.0755,-2.6069],"rotation":{"angle":22.5,"axis":"x","origin":[0,3.8755,-0.0069]},"faces":{"north":{"uv":[8.5,0,10.375,4.125],"texture":"#0"},"east":{"uv":[8.5,0,9.5,5.5],"texture":"#0"},"south":{"uv":[8.5,0,10.375,4.125],"texture":"#0"},"west":{"uv":[8.5,0,9.5,5.5],"texture":"#0"},"up":{"uv":[8.5,0,10.5,1],"texture":"#0"},"down":{"uv":[8.5,0,10.5,1],"texture":"#0"}}},{"from":[1,25.3755,-3.6069],"to":[3,31.0755,-2.6069],"rotation":{"angle":22.5,"axis":"x","origin":[0,3.8755,-0.0069]},"faces":{"north":{"uv":[8.5,0,10.375,4.075],"texture":"#0"},"east":{"uv":[8.5,0,9.5,5.7],"texture":"#0"},"south":{"uv":[8.5,0,10.375,4.075],"texture":"#0"},"west":{"uv":[8.5,0,9.5,5.7],"texture":"#0"},"up":{"uv":[8.5,0,10.5,1],"texture":"#0"},"down":{"uv":[8.5,0,10.375,1],"texture":"#0"}}},{"from":[-5,25.3755,-3.6069],"to":[-3,31.0755,-2.6069],"rotation":{"angle":22.5,"axis":"x","origin":[0,3.8755,-0.0069]},"faces":{"north":{"uv":[8.5,0,10.375,4.2],"texture":"#0"},"east":{"uv":[8.5,0,9.5,5.7],"texture":"#0"},"south":{"uv":[8.5,0,10.375,4.2],"texture":"#0"},"west":{"uv":[8.5,0,9.5,5.7],"texture":"#0"},"up":{"uv":[8.5,0,10.5,1],"texture":"#0"},"down":{"uv":[8.5,0,10.375,1],"texture":"#0"}}},{"from":[-6,23.54477,20.91138],"to":[-5,29.54477,21.91138],"rotation":{"angle":-22.5,"axis":"x","origin":[0,2.34477,14.31138]},"faces":{"north":{"uv":[9.5,0,8.5,6],"texture":"#0"},"east":{"uv":[9.5,0,8.5,6],"texture":"#0"},"south":{"uv":[9.5,0,8.5,4.25],"texture":"#0"},"west":{"uv":[9.5,0,8.5,4.25],"texture":"#0"},"up":{"uv":[8.5,1,9.5,0],"texture":"#0"},"down":{"uv":[8.5,1,9.5,0],"texture":"#0"}}},{"from":[-5,23.84477,20.91138],"to":[-3,29.54477,21.91138],"rotation":{"angle":-22.5,"axis":"x","origin":[0,2.34477,14.31138]},"faces":{"north":{"uv":[10.375,0,8.5,4.2],"texture":"#0"},"east":{"uv":[9.5,0,8.5,5.7],"texture":"#0"},"south":{"uv":[10.375,0,8.5,4.2],"texture":"#0"},"west":{"uv":[9.5,0,8.5,5.7],"texture":"#0"},"up":{"uv":[8.5,1,10.5,0],"texture":"#0"},"down":{"uv":[8.5,1,10.375,0],"texture":"#0"}}},{"from":[-3,24.54477,20.91138],"to":[-1,29.54477,21.91138],"rotation":{"angle":-22.5,"axis":"x","origin":[0,2.34477,14.31138]},"faces":{"north":{"uv":[10.375,0,8.5,4.25],"texture":"#0"},"east":{"uv":[9.5,0,8.5,5],"texture":"#0"},"south":{"uv":[10.375,0,8.5,4.25],"texture":"#0"},"west":{"uv":[9.5,0,8.5,5],"texture":"#0"},"up":{"uv":[8.5,1,10.5,0],"texture":"#0"},"down":{"uv":[8.5,1,10.375,0],"texture":"#0"}}},{"from":[-1,23.54477,20.91138],"to":[1,29.54477,21.91138],"rotation":{"angle":-22.5,"axis":"x","origin":[0,2.34477,14.31138]},"faces":{"north":{"uv":[10.375,0,8.5,4.25],"texture":"#0"},"east":{"uv":[9.5,0,8.5,6],"texture":"#0"},"south":{"uv":[10.375,0,8.5,4.25],"texture":"#0"},"west":{"uv":[9.5,0,8.5,6],"texture":"#0"},"up":{"uv":[8.5,1,10.5,0],"texture":"#0"},"down":{"uv":[8.5,1,10.375,0],"texture":"#0"}}},{"from":[1,23.84477,20.91138],"to":[3,29.54477,21.91138],"rotation":{"angle":-22.5,"axis":"x","origin":[0,2.34477,14.31138]},"faces":{"north":{"uv":[10.375,0,8.5,4.075],"texture":"#0"},"east":{"uv":[9.5,0,8.5,5.7],"texture":"#0"},"south":{"uv":[10.375,0,8.5,4.075],"texture":"#0"},"west":{"uv":[9.5,0,8.5,5.7],"texture":"#0"},"up":{"uv":[8.5,1,10.5,0],"texture":"#0"},"down":{"uv":[8.5,1,10.375,0],"texture":"#0"}}},{"from":[3,24.04477,20.91138],"to":[5,29.54477,21.91138],"rotation":{"angle":-22.5,"axis":"x","origin":[0,2.34477,14.31138]},"faces":{"north":{"uv":[10.375,0,8.5,4.125],"texture":"#0"},"east":{"uv":[9.5,0,8.5,5.5],"texture":"#0"},"south":{"uv":[10.375,0,8.5,4.125],"texture":"#0"},"west":{"uv":[9.5,0,8.5,5.5],"texture":"#0"},"up":{"uv":[8.5,1,10.5,0],"texture":"#0"},"down":{"uv":[8.5,1,10.375,0],"texture":"#0"}}},{"from":[5,24.54477,20.91138],"to":[7,29.54477,21.91138],"rotation":{"angle":-22.5,"axis":"x","origin":[0,2.34477,14.31138]},"faces":{"north":{"uv":[10.375,0,8.5,4.25],"texture":"#0"},"east":{"uv":[9.5,0,8.5,5],"texture":"#0"},"south":{"uv":[10.375,0,8.5,4.25],"texture":"#0"},"west":{"uv":[9.5,0,8.5,5],"texture":"#0"},"up":{"uv":[8.5,1,10.5,0],"texture":"#0"},"down":{"uv":[8.5,1,10.375,0],"texture":"#0"}}},{"from":[7,23.54477,20.91138],"to":[9,29.54477,21.91138],"rotation":{"angle":-22.5,"axis":"x","origin":[0,2.34477,14.31138]},"faces":{"north":{"uv":[10.375,0,8.5,4.25],"texture":"#0"},"east":{"uv":[9.5,0,8.5,6],"texture":"#0"},"south":{"uv":[10.375,0,8.5,4.25],"texture":"#0"},"west":{"uv":[9.5,0,8.5,6],"texture":"#0"},"up":{"uv":[8.5,1,10.5,0],"texture":"#0"},"down":{"uv":[8.5,1,10.375,0],"texture":"#0"}}},{"from":[11,24.54477,20.91138],"to":[13,29.54477,21.91138],"rotation":{"angle":-22.5,"axis":"x","origin":[0,2.34477,14.31138]},"faces":{"north":{"uv":[10.375,0,8.5,4.25],"texture":"#0"},"east":{"uv":[9.5,0,8.5,5],"texture":"#0"},"south":{"uv":[10.375,0,8.5,4.25],"texture":"#0"},"west":{"uv":[9.5,0,8.5,5],"texture":"#0"},"up":{"uv":[8.5,1,10.5,0],"texture":"#0"},"down":{"uv":[8.5,1,10.5,0],"texture":"#0"}}},{"from":[9,24.54477,20.91138],"to":[11,29.54477,21.91138],"rotation":{"angle":-22.5,"axis":"x","origin":[0,2.34477,14.31138]},"faces":{"north":{"uv":[10.375,0,8.5,4.25],"texture":"#0"},"east":{"uv":[9.5,0,8.5,5],"texture":"#0"},"south":{"uv":[10.375,0,8.5,4.25],"texture":"#0"},"west":{"uv":[9.5,0,8.5,5],"texture":"#0"},"up":{"uv":[8.5,1,10.5,0],"texture":"#0"},"down":{"uv":[8.5,1,10.375,0],"texture":"#0"}}},{"from":[13,24.04477,20.91138],"to":[15,29.54477,21.91138],"rotation":{"angle":-22.5,"axis":"x","origin":[0,2.34477,14.31138]},"faces":{"north":{"uv":[10.375,0,8.5,4.125],"texture":"#0"},"east":{"uv":[9.5,0,8.5,5.5],"texture":"#0"},"south":{"uv":[10.375,0,8.5,4.125],"texture":"#0"},"west":{"uv":[9.5,0,8.5,5.5],"texture":"#0"},"up":{"uv":[8.5,1,10.5,0],"texture":"#0"},"down":{"uv":[8.5,1,10.5,0],"texture":"#0"}}},{"from":[15,23.54477,20.91138],"to":[17,29.54477,21.91138],"rotation":{"angle":-22.5,"axis":"x","origin":[0,2.34477,14.31138]},"faces":{"north":{"uv":[10.5,0,8.5,4.25],"texture":"#0"},"east":{"uv":[9.5,0,8.5,6],"texture":"#0"},"south":{"uv":[11.25,0,9.5,4.25],"texture":"#0"},"west":{"uv":[9.5,0,8.5,6],"texture":"#0"},"up":{"uv":[8.5,1,10.5,0],"texture":"#0"},"down":{"uv":[8.5,1,10.5,0],"texture":"#0"}}},{"from":[17,23.54477,20.91138],"to":[18,29.54477,21.91138],"rotation":{"angle":-22.5,"axis":"x","origin":[0,2.34477,14.31138]},"faces":{"north":{"uv":[9.5,0,8.5,3.375],"texture":"#0"},"east":{"uv":[9.5,0,8.5,3.375],"texture":"#0"},"south":{"uv":[9.5,0,8.5,3.375],"texture":"#0"},"west":{"uv":[9.5,0,8.5,3.375],"texture":"#0"},"up":{"uv":[0,1,1,0],"texture":"#0"},"down":{"uv":[8.5,1,9.5,0],"texture":"#0"}}},{"from":[11,15,8.8],"to":[14,21,8.8],"faces":{"north":{"uv":[0.75,2.875,2.125,4.875],"texture":"#0"},"east":{"uv":[0,0,0,6],"texture":"#0"},"south":{"uv":[0,0,3,6],"texture":"#0"},"west":{"uv":[0,0,0,6],"texture":"#0"},"up":{"uv":[0,0,3,0],"texture":"#0"},"down":{"uv":[0,0,3,0],"texture":"#0"}}},{"from":[5.1,17.2,8.8],"to":[8.1,21.6,8.8],"faces":{"north":{"uv":[2.25,2.875,3.625,4.65],"texture":"#0"},"east":{"uv":[0,0,0,4.4],"texture":"#0"},"south":{"uv":[0,0,3,4.4],"texture":"#0"},"west":{"uv":[0,0,0,4.4],"texture":"#0"},"up":{"uv":[0,0,3,0],"texture":"#0"},"down":{"uv":[0,0,3,0],"texture":"#0"}}},{"from":[-3,19.6,8.8],"to":[-0.5,23.6,8.8],"faces":{"north":{"uv":[2.25,2.875,3.625,4.5],"texture":"#0"},"east":{"uv":[0,0,0,4],"texture":"#0"},"south":{"uv":[0,0,2.5,4],"texture":"#0"},"west":{"uv":[0,0,0,4],"texture":"#0"},"up":{"uv":[0,0,2.5,0],"texture":"#0"},"down":{"uv":[0,0,2.5,0],"texture":"#0"}}},{"from":[-1,13.6,8.8],"to":[2,17.6,8.8],"faces":{"north":{"uv":[0.75,2.875,2.125,4.75],"texture":"#0"},"east":{"uv":[0,0,0,4],"texture":"#0"},"south":{"uv":[0,0,3,4],"texture":"#0"},"west":{"uv":[0,0,0,4],"texture":"#0"},"up":{"uv":[0,0,3,0],"texture":"#0"},"down":{"uv":[0,0,3,0],"texture":"#0"}}},{"from":[2,12.6,8.7],"to":[7,15.6,8.7],"faces":{"north":{"uv":[8.625,7.375,10.875,8.875],"texture":"#0"},"east":{"uv":[0,0,0,3],"texture":"#0"},"south":{"uv":[0,0,6,3],"texture":"#0"},"west":{"uv":[0,0,0,3],"texture":"#0"},"up":{"uv":[0,0,6,0],"texture":"#0"},"down":{"uv":[0,0,6,0],"texture":"#0"}}},{"from":[-6,28.9755,7.0931],"to":[18,30.3755,10.8931],"rotation":{"angle":0,"axis":"y","origin":[0,-0.1245,-0.0069]},"faces":{"north":{"uv":[8.5,0,16,2.525],"texture":"#0"},"east":{"uv":[8.5,0,12.3,1.4],"texture":"#0"},"south":{"uv":[8.5,0,16,2.525],"texture":"#0"},"west":{"uv":[8.5,0,12.3,1.4],"texture":"#0"},"up":{"uv":[8.5,0,16,2.5],"texture":"#0"},"down":{"uv":[8.5,0,16,2.55],"texture":"#0"}}},{"from":[-1,0,4],"to":[4,2,9],"faces":{"north":{"uv":[11.625,6.25,16,7.875],"texture":"#0"},"east":{"uv":[11.625,6.25,16,7.875],"texture":"#0"},"south":{"uv":[11.625,6.25,16,7.875],"texture":"#0"},"west":{"uv":[11.625,6.25,16,7.875],"texture":"#0"},"up":{"uv":[11.625,4.875,13.5,6.75],"texture":"#0"},"down":{"uv":[11.625,4.875,13.5,6.75],"texture":"#0"}}},{"from":[1,0,-4],"to":[6,2,1],"faces":{"north":{"uv":[11.75,6.25,16,7.75],"texture":"#0"},"east":{"uv":[11.75,6.375,16,7.75],"texture":"#0"},"south":{"uv":[11.75,6.25,16,7.75],"texture":"#0"},"west":{"uv":[11.75,6.25,16,7.75],"texture":"#0"},"up":{"uv":[11.625,4.875,13.5,6.75],"texture":"#0"},"down":{"uv":[11.625,4.875,13.5,6.75],"texture":"#0"}}},{"from":[-6,0,9],"to":[-1,2,14],"faces":{"north":{"uv":[11.75,6.25,16,7.875],"texture":"#0"},"east":{"uv":[11.75,6.25,16,7.875],"texture":"#0"},"south":{"uv":[11.75,6.25,16,7.875],"texture":"#0"},"west":{"uv":[11.75,6.25,16,7.875],"texture":"#0"},"up":{"uv":[11.625,4.875,13.5,6.75],"texture":"#0"},"down":{"uv":[11.625,4.875,13.5,6.75],"texture":"#0"}}},{"from":[7.1,0,7],"to":[12.1,2,12],"faces":{"north":{"uv":[11.625,6.25,16,7.5],"texture":"#0"},"east":{"uv":[0,0,5,2],"texture":"#0"},"south":{"uv":[11.625,6.25,16,7.5],"texture":"#0"},"west":{"uv":[11.625,6.25,16,7.5],"texture":"#0"},"up":{"uv":[11.625,6.25,13.5,8.125],"texture":"#0"},"down":{"uv":[11.625,6.25,13.5,8.125],"texture":"#0"}}},{"from":[9.1,0,2],"to":[14.1,2,7],"faces":{"north":{"uv":[11.625,6.25,16,7.625],"texture":"#0"},"east":{"uv":[11.625,6.25,16,7.625],"texture":"#0"},"south":{"uv":[0,0,5,2],"texture":"#0"},"west":{"uv":[11.625,6.25,16,7.625],"texture":"#0"},"up":{"uv":[13.875,6.5,15.75,8.375],"texture":"#0"},"down":{"uv":[13.875,6.5,15.75,8.375],"texture":"#0"}}},{"from":[12.1,0,7],"to":[17.1,2,12],"faces":{"north":{"uv":[11.625,6.25,15.375,5.125],"texture":"#0"},"east":{"uv":[11.625,5.125,15.375,6.25],"texture":"#0"},"south":{"uv":[11.625,5.125,15.375,6.25],"texture":"#0"},"west":{"uv":[0,0,5,2],"texture":"#0"},"up":{"uv":[11.625,4.875,13.5,6.75],"texture":"#0"},"down":{"uv":[11.625,4.875,13.5,6.75],"texture":"#0"}}}],"display":{"gui":{"rotation":[0,-137,0],"translation":[-1,-4,0],"scale":[0.5,0.5,0.5]},"head":{"translation":[5,-24.75,0],"scale":[2.5,2.5,2.5]},"fixed":{"translation":[3,-1.75,-5]}},"gui_light":"front"}