{"sources":[{"type":"single","resource":"shadowvale_ui:icons/enable_icon"},{"type":"single","resource":"_iainternal:icons/icon_search"},{"type":"single","resource":"_iainternal:icons/icon_next_orange"},{"type":"single","resource":"shadowvale_ui:icons/inv"},{"type":"single","resource":"_iainternal:icons/icon_right_blue"},{"type":"single","resource":"shadowvale_items:bd/music_disc_5"},{"type":"single","resource":"shadowvale_ui:icons/disable_icon"},{"type":"single","resource":"_iainternal:icons/icon_left_blue"},{"type":"single","resource":"_iainternal:icons/icon_cancel"},{"type":"single","resource":"shadowvale_items:quest/quest_board"},{"type":"single","resource":"_iainternal:icons/icon_back_orange"},{"type":"single","resource":"_iainternal:icons/icon_arrow_chest"}]}