{"providers":[{"file":"profile:fonts/profile_prefix.png","chars":[""],"height":10,"ascent":-30,"type":"bitmap"},{"file":"profile:fonts/profile_prefix.png","chars":[""],"height":8,"ascent":8,"type":"bitmap"},{"file":"profile:fonts/profile_gui.png","chars":[""],"height":255,"ascent":81,"type":"bitmap"},{"file":"profile:fonts/status.png","chars":[""],"height":255,"ascent":22,"type":"bitmap"},{"file":"_iainternal:gui/no_recipe.png","chars":[""],"height":170,"ascent":47,"type":"bitmap"},{"file":"_iainternal:gui/crafting.png","chars":[""],"height":170,"ascent":47,"type":"bitmap"},{"file":"_iainternal:gui/cooking.png","chars":[""],"height":170,"ascent":47,"type":"bitmap"},{"file":"_iainternal:gui/blank_menu.png","chars":[""],"height":170,"ascent":47,"type":"bitmap"},{"file":"_iainternal:gui/anvil_repair.png","chars":[""],"height":170,"ascent":47,"type":"bitmap"},{"file":"_iainternal:gui/smithing.png","chars":[""],"height":170,"ascent":47,"type":"bitmap"},{"file":"profile:fonts/black.png","chars":[""],"height":5,"ascent":-5000,"type":"bitmap"},{"file":"profile:fonts/pixel_split.png","chars":[""],"height":-3,"ascent":-32768,"type":"bitmap"},{"file":"profile:fonts/pixel_split.png","chars":[""],"height":-4,"ascent":-32678,"type":"bitmap"},{"file":"profile:fonts/pixel_split.png","chars":[""],"height":-5,"ascent":-32768,"type":"bitmap"},{"file":"profile:fonts/pixel_split.png","chars":[""],"height":-6,"ascent":-32768,"type":"bitmap"},{"file":"profile:fonts/pixel_split.png","chars":[""],"height":-7,"ascent":-32768,"type":"bitmap"},{"file":"profile:fonts/pixel_split.png","chars":[""],"height":-8,"ascent":-32768,"type":"bitmap"},{"file":"profile:fonts/pixel_split.png","chars":[""],"height":-9,"ascent":-32768,"type":"bitmap"},{"file":"profile:fonts/pixel_split.png","chars":[""],"height":-10,"ascent":-32768,"type":"bitmap"},{"file":"profile:fonts/pixel_split.png","chars":[""],"height":-18,"ascent":-32768,"type":"bitmap"},{"file":"profile:fonts/pixel_split.png","chars":[""],"height":-34,"ascent":-32768,"type":"bitmap"},{"file":"profile:fonts/pixel_split.png","chars":[""],"height":-66,"ascent":-32768,"type":"bitmap"},{"file":"shadowvale_ui:logo/server_logo.png","chars":[""],"height":30,"ascent":15,"type":"bitmap"},{"file":"shadowvale_ui:logo/server_logo_1.png","chars":[""],"height":50,"ascent":15,"type":"bitmap"},{"file":"shadowvale_ui:logo/server_logo_2.png","chars":[""],"height":50,"ascent":15,"type":"bitmap"},{"file":"shadowvale_ui:logo/server_logo_3.png","chars":[""],"height":50,"ascent":15,"type":"bitmap"},{"file":"shadowvale_ui:logo/server_logo_4.png","chars":[""],"height":50,"ascent":15,"type":"bitmap"},{"file":"shadowvale_ui:logo/server_logo_1.png","chars":[""],"height":35,"ascent":20,"type":"bitmap"},{"file":"shadowvale_ui:logo/server_logo_2.png","chars":[""],"height":35,"ascent":20,"type":"bitmap"},{"file":"shadowvale_ui:logo/server_logo_3.png","chars":[""],"height":35,"ascent":20,"type":"bitmap"},{"file":"shadowvale_ui:logo/server_logo_4.png","chars":[""],"height":35,"ascent":20,"type":"bitmap"},{"file":"shadowvale_ui:icons/skull.png","chars":[""],"height":9,"ascent":8,"type":"bitmap"},{"file":"shadowvale_ui:icons/star_icon.png","chars":[""],"height":9,"ascent":8,"type":"bitmap"},{"file":"shadowvale_ui:icons/location_icon.png","chars":[""],"height":14,"ascent":10,"type":"bitmap"},{"file":"shadowvale_ui:icons/map_icon.png","chars":[""],"height":9,"ascent":8,"type":"bitmap"},{"file":"shadowvale_ui:icons/death_icon.png","chars":[""],"height":14,"ascent":10,"type":"bitmap"},{"file":"shadowvale_ui:icons/kills_icon.png","chars":[""],"height":14,"ascent":10,"type":"bitmap"},{"file":"shadowvale_ui:icons/money_icon.png","chars":[""],"height":9,"ascent":8,"type":"bitmap"},{"file":"shadowvale_ui:icons/ping_icon.png","chars":[""],"height":10,"ascent":8,"type":"bitmap"},{"file":"shadowvale_ui:icons/vote_icon.png","chars":[""],"height":10,"ascent":8,"type":"bitmap"},{"file":"shadowvale_ui:icons/online_icon.png","chars":[""],"height":10,"ascent":8,"type":"bitmap"},{"file":"shadowvale_ui:icons/rtp_icon.png","chars":[""],"height":8,"ascent":8,"type":"bitmap"},{"file":"shadowvale_ui:icons/next_icon.png","chars":[""],"height":16,"ascent":10,"type":"bitmap"},{"file":"shadowvale_ui:icons/previous_icon.png","chars":[""],"height":16,"ascent":10,"type":"bitmap"},{"file":"shadowvale_ui:icons/jobs_icon.png","chars":[""],"height":8,"ascent":8,"type":"bitmap"},{"file":"shadowvale_ui:icons/backpack_icon.png","chars":[""],"height":8,"ascent":8,"type":"bitmap"},{"file":"shadowvale_ui:icons/auctioneer_icon.png","chars":[""],"height":8,"ascent":8,"type":"bitmap"},{"file":"shadowvale_ui:icons/error_blue.png","chars":[""],"height":7,"ascent":7,"type":"bitmap"},{"file":"shadowvale_ui:icons/error_red.png","chars":[""],"height":7,"ascent":7,"type":"bitmap"},{"file":"shadowvale_ui:icons/error_yellow.png","chars":[""],"height":7,"ascent":7,"type":"bitmap"},{"file":"shadowvale_ui:icons/error_green.png","chars":[""],"height":7,"ascent":7,"type":"bitmap"},{"file":"shadowvale_ui:custom_gui/server_lobby.png","chars":[""],"height":256,"ascent":22,"type":"bitmap"},{"file":"shadowvale_ui:custom_gui/server_survival.png","chars":[""],"height":256,"ascent":22,"type":"bitmap"},{"file":"shadowvale_ui:custom_gui/overworld_rtp.png","chars":[""],"height":256,"ascent":22,"type":"bitmap"},{"file":"shadowvale_ui:custom_gui/nether_rtp.png","chars":[""],"height":256,"ascent":22,"type":"bitmap"},{"file":"shadowvale_ui:custom_gui/end_rtp.png","chars":[""],"height":256,"ascent":22,"type":"bitmap"},{"file":"shadowvale_ui:custom_gui/jobs_menu.png","chars":[""],"height":256,"ascent":22,"type":"bitmap"},{"file":"shadowvale_ui:custom_gui/jobs_menu_page2.png","chars":[""],"height":256,"ascent":22,"type":"bitmap"},{"file":"shadowvale_ui:custom_gui/skills_menu.png","chars":[""],"height":256,"ascent":22,"type":"bitmap"},{"file":"shadowvale_ui:custom_gui/stats_menu.png","chars":[""],"height":256,"ascent":22,"type":"bitmap"},{"file":"shadowvale_ui:custom_gui/protection_orbs_menu.png","chars":[""],"height":256,"ascent":22,"type":"bitmap"},{"file":"shadowvale_ui:custom_gui/upgrades_menu.png","chars":[""],"height":256,"ascent":22,"type":"bitmap"},{"file":"shadowvale_ui:custom_gui/upgrades_homes_menu.png","chars":[""],"height":256,"ascent":22,"type":"bitmap"},{"file":"shadowvale_ui:custom_gui/upgrades_bp_menu.png","chars":[""],"height":256,"ascent":22,"type":"bitmap"},{"file":"shadowvale_ui:custom_gui/upgrades_orb_menu.png","chars":[""],"height":256,"ascent":22,"type":"bitmap"},{"file":"shadowvale_ui:custom_gui/warps_menu.png","chars":[""],"height":256,"ascent":22,"type":"bitmap"},{"file":"shadowvale_ui:custom_gui/kits_menu.png","chars":[""],"height":256,"ascent":22,"type":"bitmap"},{"file":"shadowvale_ui:custom_gui/auction_menu.png","chars":[""],"height":256,"ascent":22,"type":"bitmap"},{"file":"shadowvale_ui:custom_gui/auction_cat_menu.png","chars":[""],"height":256,"ascent":22,"type":"bitmap"},{"file":"shadowvale_ui:custom_gui/auction_trans_menu.png","chars":[""],"height":256,"ascent":22,"type":"bitmap"},{"file":"shadowvale_ui:custom_gui/recipes_menu.png","chars":[""],"height":256,"ascent":22,"type":"bitmap"},{"file":"shadowvale_ui:custom_gui/crafting_table_recipe.png","chars":[""],"height":256,"ascent":22,"type":"bitmap"},{"file":"shadowvale_ui:custom_gui/blast_furnace_recipe.png","chars":[""],"height":256,"ascent":22,"type":"bitmap"},{"file":"shadowvale_ui:custom_gui/my_auctions_menu.png","chars":[""],"height":256,"ascent":22,"type":"bitmap"},{"file":"shadowvale_ui:custom_gui/my_auctions_trans_menu.png","chars":[""],"height":256,"ascent":22,"type":"bitmap"},{"file":"shadowvale_ui:custom_gui/all_auctions_trans_menu.png","chars":[""],"height":256,"ascent":22,"type":"bitmap"},{"file":"shadowvale_ui:custom_gui/expired_auctions_menu.png","chars":[""],"height":256,"ascent":22,"type":"bitmap"},{"file":"shadowvale_ui:custom_gui/profile_settings.png","chars":[""],"height":256,"ascent":22,"type":"bitmap"},{"file":"shadowvale_ui:custom_gui/quest_cat.png","chars":[""],"height":256,"ascent":22,"type":"bitmap"},{"file":"shadowvale_ui:custom_gui/quests.png","chars":[""],"height":256,"ascent":22,"type":"bitmap"},{"file":"shadowvale_ui:custom_gui/enchants_gui.png","chars":[""],"height":256,"ascent":22,"type":"bitmap"},{"file":"shadowvale_ui:custom_gui/enchants_title.png","chars":[""],"height":256,"ascent":22,"type":"bitmap"},{"file":"shadowvale_ui:custom_gui/menu.png","chars":[""],"height":256,"ascent":22,"type":"bitmap"},{"file":"shadowvale_ui:custom_gui/vote.png","chars":[""],"height":256,"ascent":22,"type":"bitmap"},{"file":"shadowvale_ui:custom_gui/ranks.png","chars":[""],"height":256,"ascent":22,"type":"bitmap"},{"file":"shadowvale_ui:custom_gui/shop_menu.png","chars":[""],"height":256,"ascent":22,"type":"bitmap"},{"file":"shadowvale_ui:custom_gui/blocks_shop.png","chars":[""],"height":256,"ascent":22,"type":"bitmap"},{"file":"shadowvale_ui:custom_gui/miscellaneous_shop.png","chars":[""],"height":256,"ascent":22,"type":"bitmap"},{"file":"shadowvale_ui:custom_gui/farming_shop.png","chars":[""],"height":256,"ascent":22,"type":"bitmap"},{"file":"shadowvale_ui:custom_gui/mobs_shop.png","chars":[""],"height":256,"ascent":22,"type":"bitmap"},{"file":"shadowvale_ui:custom_gui/ores_shop.png","chars":[""],"height":256,"ascent":22,"type":"bitmap"},{"file":"shadowvale_ui:custom_gui/food_shop.png","chars":[""],"height":256,"ascent":22,"type":"bitmap"},{"file":"shadowvale_ui:custom_gui/glow_menu.png","chars":[""],"height":256,"ascent":22,"type":"bitmap"},{"file":"shadowvale_ui:custom_gui/badges_menu.png","chars":[""],"height":256,"ascent":22,"type":"bitmap"},{"file":"shadowvale_ui:custom_gui/furnitures_menu.png","chars":[""],"height":256,"ascent":22,"type":"bitmap"},{"file":"shadowvale_ui:custom_gui/heads_menu.png","chars":[""],"height":256,"ascent":22,"type":"bitmap"},{"file":"shadowvale_ui:custom_gui/flags_menu.png","chars":[""],"height":256,"ascent":22,"type":"bitmap"},{"file":"shadowvale_ui:custom_gui/my_vaults_gui.png","chars":[""],"height":256,"ascent":22,"type":"bitmap"},{"file":"shadowvale_ui:custom_gui/protection_menu.png","chars":[""],"height":256,"ascent":22,"type":"bitmap"},{"file":"shadowvale_ui:custom_gui/pets_menu.png","chars":[""],"height":256,"ascent":22,"type":"bitmap"},{"file":"shadowvale_ui:custom_gui/parkour_menu.png","chars":[""],"height":256,"ascent":22,"type":"bitmap"},{"file":"shadowvale_ui:esc/top_logo_1.png","chars":[""],"height":64,"ascent":0,"type":"bitmap"},{"file":"shadowvale_ui:esc/top_logo_2.png","chars":[""],"height":64,"ascent":0,"type":"bitmap"},{"file":"_iainternal:hud/small_cooldown_bar/0.png","chars":[""],"height":22,"ascent":-42,"type":"bitmap"},{"file":"_iainternal:hud/small_cooldown_bar/1.png","chars":[""],"height":22,"ascent":-42,"type":"bitmap"},{"file":"_iainternal:hud/small_cooldown_bar/2.png","chars":[""],"height":22,"ascent":-42,"type":"bitmap"},{"file":"_iainternal:hud/small_cooldown_bar/3.png","chars":[""],"height":22,"ascent":-42,"type":"bitmap"},{"file":"_iainternal:hud/small_cooldown_bar/4.png","chars":[""],"height":22,"ascent":-42,"type":"bitmap"},{"file":"_iainternal:hud/small_cooldown_bar/5.png","chars":[""],"height":22,"ascent":-42,"type":"bitmap"},{"file":"_iainternal:hud/small_cooldown_bar/6.png","chars":[""],"height":22,"ascent":-42,"type":"bitmap"},{"file":"_iainternal:hud/small_cooldown_bar/7.png","chars":[""],"height":22,"ascent":-42,"type":"bitmap"},{"file":"_iainternal:hud/small_cooldown_bar/8.png","chars":[""],"height":22,"ascent":-42,"type":"bitmap"},{"file":"_iainternal:hud/small_cooldown_bar/9.png","chars":[""],"height":22,"ascent":-42,"type":"bitmap"},{"file":"_iainternal:hud/small_cooldown_bar/10.png","chars":[""],"height":22,"ascent":-42,"type":"bitmap"},{"file":"_iainternal:hud/small_cooldown_bar/11.png","chars":[""],"height":22,"ascent":-42,"type":"bitmap"},{"file":"_iainternal:hud/small_cooldown_bar/12.png","chars":[""],"height":22,"ascent":-42,"type":"bitmap"},{"file":"_iainternal:hud/small_cooldown_bar/13.png","chars":[""],"height":22,"ascent":-42,"type":"bitmap"},{"file":"_iainternal:hud/small_cooldown_bar/14.png","chars":[""],"height":22,"ascent":-42,"type":"bitmap"},{"file":"_iainternal:hud/small_cooldown_bar/15.png","chars":[""],"height":22,"ascent":-42,"type":"bitmap"},{"file":"_iainternal:hud/small_cooldown_bar/16.png","chars":[""],"height":22,"ascent":-42,"type":"bitmap"},{"file":"_iainternal:hud/small_cooldown_bar/17.png","chars":[""],"height":22,"ascent":-42,"type":"bitmap"},{"file":"_iainternal:hud/small_cooldown_bar/18.png","chars":[""],"height":22,"ascent":-42,"type":"bitmap"},{"file":"_iainternal:hud/small_cooldown_bar/19.png","chars":[""],"height":22,"ascent":-42,"type":"bitmap"},{"file":"_iainternal:hud/small_cooldown_bar/20.png","chars":[""],"height":22,"ascent":-42,"type":"bitmap"},{"type":"ttf","file":"headsanywhere.ttf","oversample":2.0,"size":11.0,"shift":[0,0]},{"file":"char/black.png","chars":[""],"height":1,"ascent":-5000,"type":"bitmap"},{"file":"char/black.png","chars":[""],"height":2,"ascent":-5000,"type":"bitmap"},{"file":"char/black.png","chars":[""],"height":3,"ascent":-5000,"type":"bitmap"},{"file":"char/black.png","chars":[""],"height":4,"ascent":-5000,"type":"bitmap"},{"file":"char/black.png","chars":[""],"height":5,"ascent":-5000,"type":"bitmap"},{"file":"char/black.png","chars":[""],"height":6,"ascent":-5000,"type":"bitmap"},{"file":"char/black.png","chars":[""],"height":7,"ascent":-5000,"type":"bitmap"},{"file":"char/black.png","chars":[""],"height":15,"ascent":-5000,"type":"bitmap"},{"file":"char/black.png","chars":[""],"height":31,"ascent":-5000,"type":"bitmap"},{"file":"char/black.png","chars":[""],"height":63,"ascent":-5000,"type":"bitmap"},{"file":"char/black.png","chars":[""],"height":127,"ascent":-5000,"type":"bitmap"},{"file":"char/black.png","chars":[""],"height":256,"ascent":-5000,"type":"bitmap"},{"file":"char/black.png","chars":[""],"height":512,"ascent":-5000,"type":"bitmap"},{"file":"char/black.png","chars":[""],"height":1024,"ascent":-5000,"type":"bitmap"},{"file":"char/black.png","chars":[""],"height":-3,"ascent":-5000,"type":"bitmap"},{"file":"char/black.png","chars":[""],"height":-4,"ascent":-5000,"type":"bitmap"},{"file":"char/black.png","chars":[""],"height":-5,"ascent":-5000,"type":"bitmap"},{"file":"char/black.png","chars":[""],"height":-6,"ascent":-5000,"type":"bitmap"},{"file":"char/black.png","chars":[""],"height":-7,"ascent":-5000,"type":"bitmap"},{"file":"char/black.png","chars":[""],"height":-8,"ascent":-5000,"type":"bitmap"},{"file":"char/black.png","chars":[""],"height":-9,"ascent":-5000,"type":"bitmap"},{"file":"char/black.png","chars":[""],"height":-10,"ascent":-5000,"type":"bitmap"},{"file":"char/black.png","chars":[""],"height":-18,"ascent":-5000,"type":"bitmap"},{"file":"char/black.png","chars":[""],"height":-34,"ascent":-5000,"type":"bitmap"},{"file":"char/black.png","chars":[""],"height":-66,"ascent":-5000,"type":"bitmap"},{"file":"char/black.png","chars":[""],"height":-130,"ascent":-5000,"type":"bitmap"},{"file":"char/black.png","chars":[""],"height":-259,"ascent":-5000,"type":"bitmap"},{"file":"char/black.png","chars":[""],"height":-515,"ascent":-5000,"type":"bitmap"},{"file":"char/black.png","chars":[""],"height":-1027,"ascent":-5000,"type":"bitmap"},{"type":"ttf","file":"minecraft:headsanywhere.ttf","shift":[0,0],"size":11.0,"oversample":2.0,"skip":""},{"type":"bitmap","file":"minecraft:ranks/owner.png","height":8,"ascent":8,"chars":["我"]},{"type":"bitmap","file":"minecraft:ranks/admin.png","height":8,"ascent":8,"chars":["里"]},{"type":"bitmap","file":"minecraft:ranks/manager.png","height":8,"ascent":8,"chars":["还"]},{"type":"bitmap","file":"minecraft:ranks/developer.png","height":8,"ascent":8,"chars":["了"]},{"type":"bitmap","file":"minecraft:ranks/builder.png","height":8,"ascent":8,"chars":["不"]},{"type":"bitmap","file":"minecraft:ranks/sr_mod.png","height":8,"ascent":8,"chars":["这"]},{"type":"bitmap","file":"minecraft:ranks/mod.png","height":8,"ascent":8,"chars":["什"]},{"type":"bitmap","file":"minecraft:ranks/helper.png","height":8,"ascent":8,"chars":["上"]},{"type":"bitmap","file":"minecraft:ranks/supporter.png","height":8,"ascent":8,"chars":["她"]},{"type":"bitmap","file":"minecraft:ranks/booster.png","height":8,"ascent":8,"chars":["得"]},{"type":"bitmap","file":"minecraft:ranks/player.png","height":8,"ascent":8,"chars":["儿"]},{"type":"bitmap","file":"minecraft:ranks/dev.png","height":8,"ascent":8,"chars":["只"]}],"gui_light":"front"}