{"parent":"minecraft:item/generated","textures":{"layer0":"minecraft:item/paper"},"overrides":[{"predicate":{"custom_model_data":10000},"model":"_iainternal:item/ia_auto/icon_left_blue"},{"predicate":{"custom_model_data":10001},"model":"_iainternal:item/ia_auto/icon_right_blue"},{"predicate":{"custom_model_data":10002},"model":"_iainternal:item/ia_auto/icon_search"},{"predicate":{"custom_model_data":10003},"model":"_iainternal:item/ia_auto/icon_cancel"},{"predicate":{"custom_model_data":10004},"model":"_iainternal:item/ia_auto/icon_arrow_chest"},{"predicate":{"custom_model_data":10005},"model":"_iainternal:item/ia_auto/icon_back_orange"},{"predicate":{"custom_model_data":10006},"model":"_iainternal:item/ia_auto/icon_next_orange"},{"predicate":{"custom_model_data":10007},"model":"profile:gui_item/online"},{"predicate":{"custom_model_data":10008},"model":"profile:gui_item/offline"},{"predicate":{"custom_model_data":10009},"model":"profile:gui_item/air"},{"predicate":{"custom_model_data":10011},"model":"shadowvale_items:quest_board"},{"predicate":{"custom_model_data":10012},"model":"shadowvale_ui:item/ia_auto/inv_paper"},{"predicate":{"custom_model_data":10012},"model":"shadowvale_ui:item/ia_auto/inv_paper"},{"predicate":{"custom_model_data":10014},"model":"shadowvale_items:item/ia_auto/dungeon_token"},{"predicate":{"custom_model_data":10017},"model":"shadowvale_items:item/ia_auto/music_disc_5"},{"predicate":{"custom_model_data":10018},"model":"item/paper"}]}